theta0,theta1
-1823962.417552,-7774499.366562