theta0,theta1
8462.757329,-0.021087