theta0,theta1
-0.004800,-0.019080