theta0,theta1
8462.75732872299,-0.021087463296143687
